bids,asks
"[18809.9, 1.12699244]","[18810.0, 2.32653797]"
