bids,asks
"[18878.8, 1.90949447]","[18878.9, 1.38121245]"
